0.058,0.154,-0.124,,
0.062,0.154,-0.124,-3.704E-2,-0.105
0.067,0.154,-0.125,-9.076E-2,-0.157
0.071,0.153,-0.126,,
0.075,,,,
0.079,0.152,-0.126,,
0.083,0.152,-0.127,-0.126,-0.139
0.087,0.151,-0.128,-0.108,-0.157
0.092,0.151,-0.128,-0.144,-0.191
0.096,0.150,-0.129,-0.198,-0.243
0.100,0.149,-0.130,-0.215,-0.225
0.104,0.148,-0.131,-0.215,-0.225
0.108,0.147,-0.132,-0.269,-0.277
0.112,0.146,-0.133,-0.250,-0.224
0.116,0.145,-0.134,-0.250,-0.224
0.121,0.144,-0.135,-0.323,-0.329
0.125,0.143,-0.137,-0.394,-0.380
0.129,0.141,-0.138,-0.395,-0.433
0.133,0.139,-0.140,-0.377,-0.416
0.137,0.138,-0.142,-0.429,-0.397
0.141,0.136,-0.144,-0.447,-0.397
0.146,0.134,-0.145,-0.430,-0.415
0.150,0.132,-0.147,-0.362,-0.557
0.154,0.131,-0.150,-0.416,-0.609
0.158,0.129,-0.152,-0.537,-0.484
0.162,0.126,-0.154,-0.537,-0.484
0.166,0.124,-0.156,-0.480,-0.446
0.171,0.122,-0.158,-0.484,-0.434
0.175,0.120,-0.160,-0.680,-0.547
0.179,0.117,-0.162,-0.717,-0.491
0.183,0.114,-0.164,-0.618,-0.473
0.187,0.112,-0.166,-0.695,-0.507
0.191,0.108,-0.168,-0.673,-0.519
0.196,0.106,-0.170,-0.904,-0.669
0.200,0.102,-0.172,-0.839,-0.500
0.204,9.897E-2,-0.175,-0.806,-0.534
0.208,9.575E-2,-0.177,-0.724,-0.585
0.212,9.294E-2,-0.179,-0.739,-0.518
0.216,8.958E-2,-0.181,-0.822,-0.467
0.220,8.609E-2,-0.183,-0.854,-0.433
0.225,8.247E-2,-0.185,-0.988,-0.481
0.229,7.786E-2,-0.187,-1.038,-0.513
0.233,7.381E-2,-0.189,-0.920,-0.416
0.237,7.019E-2,-0.191,-0.919,-0.366
0.241,6.615E-2,-0.192,-0.986,-0.348
0.245,6.198E-2,-0.194,-1.035,-0.314
0.250,5.753E-2,-0.195,-1.002,-0.331
0.254,5.363E-2,-0.196,-0.986,-0.381
0.258,4.931E-2,-0.198,-1.084,-0.280
0.262,4.460E-2,-0.199,-1.067,-0.247
0.266,4.042E-2,-0.200,-1.135,-0.345
0.270,3.514E-2,-0.202,-1.118,-0.329
0.275,3.111E-2,-0.203,-1.067,-0.247
0.279,2.625E-2,-0.204,-1.148,-0.163
0.283,2.154E-2,-0.204,-1.081,-0.114
0.287,1.724E-2,-0.205,-1.048,-0.148
0.291,1.280E-2,-0.205,-0.999,-0.165
0.295,8.914E-3,-0.206,-0.981,-0.116
0.300,4.620E-3,-0.206,-1.046,-1.494E-2
0.304,1.965E-4,-0.206,-1.193,0.120
0.308,-5.323E-3,-0.205,-1.290,0.255
0.312,-1.056E-2,-0.204,-1.273,0.288
0.316,-1.593E-2,-0.203,-1.175,0.203
0.320,-2.035E-2,-0.202,-1.110,0.152
0.324,-2.518E-2,-0.202,-1.109,0.202
0.329,-2.959E-2,-0.201,-1.175,0.236
0.333,-3.497E-2,-0.200,-1.141,0.236
0.337,-3.910E-2,-0.199,-1.075,0.251
0.341,-4.392E-2,-0.198,-1.059,0.218
0.345,-4.792E-2,-0.197,-0.991,0.300
0.349,-5.218E-2,-0.195,-1.023,0.333
0.354,-5.645E-2,-0.194,-1.022,0.416
0.358,-6.070E-2,-0.192,-0.889,0.431
0.362,-6.386E-2,-0.190,-0.848,0.234
0.366,-6.777E-2,-0.190,-0.962,0.294
0.370,-7.187E-2,-0.188,-1.041,0.486
0.374,-7.644E-2,-0.186,-0.980,0.491
0.379,-8.004E-2,-0.184,-0.842,0.469
0.383,-8.346E-2,-0.182,-0.763,0.428
0.387,-8.640E-2,-0.180,-0.764,0.409
0.391,-8.982E-2,-0.178,-0.862,0.450
0.395,-9.358E-2,-0.177,-0.802,0.469
0.399,-9.650E-2,-0.174,-0.724,0.428
0.404,-9.961E-2,-0.173,-0.664,0.446
0.408,-0.102,-0.171,-0.643,0.505
0.412,-0.105,-0.169,-0.801,0.548
0.416,-0.109,-0.166,-0.683,0.526
0.420,-0.111,-0.164,-0.566,0.385
0.424,-0.113,-0.163,-0.684,0.447
0.429,-0.116,-0.161,-0.523,0.582
0.433,-0.118,-0.158,-0.482,0.680
0.437,-0.120,-0.155,-0.465,0.542
0.441,-0.122,-0.154,-0.487,0.404
0.445,-0.124,-0.152,-0.487,0.424
0.449,-0.126,-0.150,-0.350,0.342
0.453,-0.127,-0.149,-0.427,0.422
0.458,-0.129,-0.147,-0.445,0.561
0.462,-0.131,-0.144,-0.328,0.441
0.466,-0.132,-0.143,-0.270,0.400
0.470,-0.133,-0.141,-0.428,0.403
0.474,-0.136,-0.139,-0.467,0.403
0.478,-0.137,-0.137,-0.350,0.322
0.483,-0.139,-0.137,-0.350,0.322
0.487,-0.140,-0.135,-0.290,0.381
0.491,-0.141,-0.134,-0.154,0.240
0.495,-0.141,-0.133,-0.150,0.206
0.499,-0.142,-0.132,-0.161,0.213
0.503,-0.143,-0.131,-0.158,0.242
0.508,-0.143,-0.130,-0.200,0.264
0.512,-0.144,-0.129,-0.199,0.278
0.516,-0.145,-0.128,-0.165,0.256
0.520,-0.146,-0.127,-0.117,0.157
0.524,-0.146,-0.126,-8.955E-2,0.114
0.528,-0.147,-0.126,-9.622E-2,0.135
0.533,-0.147,-0.125,-8.263E-2,0.107
0.537,-0.147,-0.125,,
0.541,,,,
0.545,-0.147,-0.125,,
0.549,-0.148,-0.124,-2.063E-2,2.853E-2
0.553,-0.148,-0.124,-6.917E-3,7.162E-3
0.557,-0.148,-0.124,6.794E-3,-1.420E-2
0.562,-0.147,-0.125,3.458E-2,-3.581E-2
0.566,-0.147,-0.125,8.239E-2,-0.121
0.570,-0.147,-0.126,0.138,-0.185
0.574,-0.146,-0.126,0.172,-0.221
0.578,-0.145,-0.127,0.178,-0.285
0.582,-0.145,-0.129,0.207,-0.264
0.587,-0.144,-0.130,0.241,-0.306
0.591,-0.143,-0.131,0.231,-0.383
0.595,-0.142,-0.133,0.271,-0.321
0.599,-0.140,-0.134,0.272,-0.242
0.603,-0.139,-0.135,0.234,-0.182
0.607,-0.138,-0.135,0.134,-0.259
0.612,-0.138,-0.137,0.172,-0.339
0.616,-0.137,-0.138,0.232,-0.300
0.620,-0.136,-0.139,0.210,-0.419
0.624,-0.135,-0.142,0.249,-0.479
0.628,-0.134,-0.143,0.310,-0.361
0.632,-0.133,-0.145,0.368,-0.402
0.637,-0.131,-0.147,0.328,-0.441
0.641,-0.130,-0.148,0.291,-0.321
0.645,-0.129,-0.149,0.310,-0.341
0.649,-0.127,-0.151,0.427,-0.442
0.653,-0.125,-0.153,0.622,-0.584
0.657,-0.122,-0.156,0.562,-0.691
0.661,-0.121,-0.159,0.519,-0.665
0.666,-0.118,-0.162,0.635,-0.455
0.670,-0.115,-0.163,0.591,-0.432
0.674,-0.113,-0.165,0.545,-0.542
0.678,-0.111,-0.167,0.480,-0.474
0.682,-0.109,-0.169,0.459,-0.407
0.686,-0.107,-0.171,0.569,-0.431
0.691,-0.104,-0.173,0.853,-0.703
0.695,-9.983E-2,-0.176,0.964,-0.705
0.699,-9.617E-2,-0.179,0.878,-0.526
0.703,-9.251E-2,-0.181,0.901,-0.504
0.707,-8.866E-2,-0.183,0.791,-0.458
0.711,-8.592E-2,-0.185,0.769,-0.413
0.716,-8.225E-2,-0.186,0.858,-0.392
0.720,-7.877E-2,-0.188,0.835,-0.458
0.724,-7.529E-2,-0.190,0.902,-0.459
0.728,-7.126E-2,-0.192,0.925,-0.371
0.732,-6.758E-2,-0.193,0.905,-0.282
0.736,-6.372E-2,-0.194,1.147,-0.375
0.741,-5.802E-2,-0.196,1.490,-0.442
0.745,-5.379E-2,-0.197,0.972,-0.217
0.749,-4.992E-2,-0.198,0.994,-0.239
0.753,-4.550E-2,-0.199,1.016,-0.262
0.757,-4.145E-2,-0.200,1.062,-0.152
0.761,-3.665E-2,-0.200,1.196,-0.110
0.765,-3.149E-2,-0.201,1.150,-0.198
0.770,-2.706E-2,-0.202,1.039,-0.240
0.774,-2.283E-2,-0.203,1.039,-0.218
0.778,-1.841E-2,-0.204,1.086,-4.115E-2
0.782,-1.378E-2,-0.204,1.152,-0.109
0.786,-8.808E-3,-0.205,1.239,-0.221
0.790,-3.458E-3,-0.205,1.263,-8.860E-2
0.795,1.717E-3,-0.205,1.220,-2.129E-2
0.799,6.707E-3,-0.206,1.000,9.347E-2
0.803,1.005E-2,-0.205,0.979,0.183
0.807,1.487E-2,-0.204,1.046,0.181
0.811,1.877E-2,-0.203,1.112,0.180
0.815,2.414E-2,-0.203,1.156,0.157
0.820,2.840E-2,-0.202,1.023,0.160
0.824,3.267E-2,-0.201,1.069,0.225
0.828,3.731E-2,-0.200,1.003,0.249
0.832,4.102E-2,-0.199,1.113,0.225
0.836,4.659E-2,-0.198,1.136,0.269
0.840,5.049E-2,-0.197,0.960,0.316
0.845,5.458E-2,-0.195,1.004,0.315
0.849,5.886E-2,-0.194,0.916,0.361
0.853,6.221E-2,-0.192,0.939,0.405
0.857,6.668E-2,-0.191,1.005,0.404
0.861,7.059E-2,-0.189,1.006,0.426
0.865,7.506E-2,-0.187,0.983,0.382
0.869,7.878E-2,-0.186,0.829,0.451
0.874,8.197E-2,-0.184,0.919,0.516
0.878,8.644E-2,-0.182,0.874,0.517
0.882,8.925E-2,-0.179,0.786,0.519
0.886,9.299E-2,-0.177,0.718,0.453
0.890,9.524E-2,-0.175,0.628,0.366
0.894,9.822E-2,-0.174,0.910,0.457
0.899,0.103,-0.172,0.933,0.578
0.903,0.106,-0.169,0.760,0.501
0.907,0.109,-0.167,0.701,0.521
0.911,0.112,-0.165,0.640,0.443
0.915,0.114,-0.164,0.620,0.444
0.919,0.117,-0.161,0.601,0.484
0.924,0.119,-0.160,0.600,0.405
0.928,0.122,-0.158,0.522,0.445
0.932,0.124,-0.156,0.562,0.504
0.936,0.127,-0.154,0.621,0.463
0.940,0.129,-0.152,0.464,0.526
0.944,0.131,-0.149,0.425,0.566
0.949,0.133,-0.147,0.502,0.466
0.953,0.135,-0.146,0.460,0.328
0.957,0.136,-0.145,0.283,0.390
0.961,0.137,-0.142,0.285,0.450
0.965,0.139,-0.141,0.361,0.290
0.969,0.140,-0.140,0.343,0.389
0.973,0.142,-0.138,0.324,0.429
0.978,0.143,-0.136,0.224,0.352
0.982,0.143,-0.135,0.242,0.272
0.986,0.145,-0.134,0.321,0.271
0.990,0.146,-0.133,0.243,0.351
0.994,0.147,-0.131,0.182,0.254
0.998,0.148,-0.130,0.122,0.195
1.003,0.148,-0.129,8.351E-2,0.255
1.007,0.148,-0.128,0.143,0.274
1.011,0.149,-0.127,0.182,0.214
1.015,0.150,-0.127,0.162,0.215
1.019,0.150,-0.125,8.213E-2,0.176
1.023,0.151,-0.125,6.065E-2,7.799E-2
1.028,0.151,-0.125,6.713E-2,6.891E-2
1.032,0.151,-0.124,7.002E-2,7.862E-2
1.036,0.151,-0.124,7.187E-2,8.325E-2
1.040,0.152,-0.124,3.533E-3,-3.721E-2
1.044,0.152,-0.124,-5.788E-2,-0.145
1.048,0.151,-0.125,-8.618E-2,-0.145
1.053,0.151,-0.126,-0.107,-0.145
1.057,0.150,-0.126,-0.128,-0.144
1.061,0.150,-0.127,-0.170,-0.164
1.065,0.149,-0.128,-0.222,-0.163
1.069,0.148,-0.128,-0.169,-9.116E-2
1.073,0.148,-0.128,-0.127,-0.113
1.078,0.147,-0.129,-0.170,-0.164
1.082,0.146,-0.130,-0.129,-0.176
1.086,0.146,-0.131,-0.202,-0.185
1.090,0.144,-0.131,-0.213,-0.247
1.094,0.144,-0.133,-0.214,-0.299
1.098,0.143,-0.134,-0.298,-0.308
1.102,0.141,-0.135,-0.257,-0.320
1.107,0.141,-0.136,-0.257,-0.320
1.111,0.139,-0.138,-0.256,-0.278
1.115,0.138,-0.139,-0.204,-0.331
1.119,0.138,-0.141,-0.271,-0.539
1.123,0.136,-0.143,-0.365,-0.569
1.127,0.135,-0.145,-0.364,-0.464
1.132,0.133,-0.147,-0.435,-0.348
1.136,0.131,-0.148,-0.456,-0.379
1.140,0.129,-0.150,-0.490,-0.504
1.144,0.127,-0.152,-0.402,-0.516
1.148,0.126,-0.155,-0.350,-0.597
1.152,0.124,-0.157,-0.485,-0.555
1.157,0.122,-0.159,-0.661,-0.552
1.161,0.118,-0.162,-0.714,-0.551
1.165,0.116,-0.164,-0.623,-0.412
1.169,0.113,-0.165,-0.606,-0.412
1.173,0.111,-0.167,-0.624,-0.447
1.177,0.108,-0.169,-0.766,-0.515
1.182,0.105,-0.171,-0.818,-0.496
1.186,0.101,-0.173,-0.797,-0.459
1.190,9.787E-2,-0.175,-0.759,-0.555
1.194,9.492E-2,-0.178,-0.755,-0.485
1.198,9.158E-2,-0.179,-0.755,-0.435
1.202,8.863E-2,-0.182,-0.780,-0.459
1.206,8.508E-2,-0.183,-0.955,-0.506
1.211,8.067E-2,-0.186,-0.955,-0.531
1.215,7.712E-2,-0.188,-0.807,-0.559
1.219,7.395E-2,-0.190,-0.853,-0.383
1.223,7.000E-2,-0.191,-1.101,-0.304
1.227,6.478E-2,-0.193,-1.028,-0.430
1.231,6.144E-2,-0.194,-0.940,-0.330
1.236,5.695E-2,-0.196,-1.055,-0.312
1.240,5.264E-2,-0.197,-1.013,-0.279
1.244,4.851E-2,-0.198,-1.053,-0.318
1.248,4.387E-2,-0.200,-1.034,-0.338
1.252,3.989E-2,-0.201,-1.033,-0.278
1.256,3.526E-2,-0.202,-1.111,-0.238
1.261,3.064E-2,-0.203,-1.189,-0.197
1.265,2.535E-2,-0.204,-1.187,-7.809E-2
1.269,2.074E-2,-0.203,-1.188,-0.137
1.273,1.545E-2,-0.205,-1.091,-0.218
1.277,1.165E-2,-0.205,-1.312,-0.150
1.281,6.705E-3,-0.206,-1.267,-0.116
1.286,1.096E-3,-0.206,-1.228,-0.137
1.290,-3.525E-3,-0.207,-1.068,-2.089E-2
1.294,-7.800E-3,-0.206,-1.063,0.256
1.298,-1.238E-2,-0.205,-1.120,0.375
1.302,-1.713E-2,-0.203,-1.025,0.136
1.306,-2.093E-2,-0.204,-0.989,-2.227E-2
1.310,-2.537E-2,-0.204,-1.085,9.799E-2
1.315,-2.997E-2,-0.203,-1.044,0.176
1.319,-3.407E-2,-0.202,-1.162,0.218
1.323,-3.965E-2,-0.201,-1.201,0.258
1.327,-4.408E-2,-0.200,-1.062,0.295
1.331,-4.850E-2,-0.198,-1.080,0.414
1.335,-5.308E-2,-0.196,-1.001,0.373
1.340,-5.685E-2,-0.195,-0.826,0.232
1.344,-5.996E-2,-0.194,-0.864,0.292
1.348,-6.405E-2,-0.193,-1.079,0.473
1.352,-6.895E-2,-0.191,-0.960,0.452
1.356,-7.206E-2,-0.189,-0.862,0.410
1.360,-7.614E-2,-0.187,-0.823,0.410
1.365,-7.891E-2,-0.186,-0.921,0.451
1.369,-8.381E-2,-0.183,-1.059,0.493
1.373,-8.774E-2,-0.182,-0.783,0.307
1.377,-9.034E-2,-0.181,-0.680,0.391
1.381,-9.341E-2,-0.178,-0.728,0.610
1.385,-9.641E-2,-0.176,-0.764,0.568
1.390,-9.977E-2,-0.174,-0.798,0.422
1.394,-0.103,-0.172,-0.673,0.378
1.398,-0.105,-0.171,-0.650,0.492
1.402,-0.108,-0.168,-0.661,0.472
1.406,-0.111,-0.167,-0.587,0.479
1.410,-0.113,-0.164,-0.592,0.525
1.414,-0.116,-0.162,-0.615,0.409
1.419,-0.118,-0.161,-0.514,0.507
1.423,-0.120,-0.158,-0.464,0.531
1.427,-0.122,-0.156,-0.764,0.462
1.431,-0.126,-0.154,-0.614,0.484
1.435,-0.127,-0.152,-0.467,0.357
1.439,-0.130,-0.151,-0.394,0.256
1.444,-0.131,-0.150,-0.144,0.326
1.448,-0.132,-0.148,-0.317,0.379
1.452,-0.133,-0.147,-0.416,0.406
1.456,-0.135,-0.145,-0.440,0.456
1.460,-0.137,-0.143,-0.489,0.507
1.464,-0.139,-0.141,-0.367,0.460
1.469,-0.140,-0.139,-0.324,0.382
1.473,-0.142,-0.138,-0.270,0.279
1.477,-0.142,-0.137,-0.165,0.242
1.481,-0.143,-0.136,-6.139E-2,0.114
1.485,-0.143,-0.136,-0.131,0.178
1.489,-0.144,-0.134,-0.241,0.335
1.494,-0.145,-0.133,-0.137,0.200
1.498,-0.145,-0.133,-0.152,0.193
1.502,-0.146,-0.132,-0.165,0.207
1.506,-0.147,-0.131,-0.138,0.157
1.510,-0.147,-0.130,-0.117,0.129
1.514,-0.148,-0.130,-8.918E-2,0.135
1.518,-0.148,-0.129,-8.942E-2,0.121
1.523,-0.149,-0.129,-0.111,0.108
1.527,-0.149,-0.128,-8.312E-2,7.891E-2
1.531,-0.149,-0.128,-6.200E-2,7.854E-2
1.535,-0.149,-0.128,-0.111,0.101
1.539,-0.150,-0.127,0.166,-0.193
1.543,-0.148,-0.129,0.352,-0.400
1.548,-0.147,-0.131,0.173,-0.200
1.552,-0.147,-0.131,0.145,-0.164
1.556,-0.146,-0.132,8.942E-2,-0.121
1.560,-0.146,-0.132,4.731E-2,-0.113
1.564,-0.146,-0.133,8.066E-2,-0.220
1.568,-0.145,-0.134,9.573E-2,-0.164
1.573,-0.145,-0.134,0.159,-0.144
1.577,-0.144,-0.135,0.201,-0.165
1.581,-0.143,-0.136,0.188,-0.130
1.585,-0.142,-0.136,0.194,-0.158
1.589,-0.141,-0.137,0.257,-0.223
1.593,-0.140,-0.138,0.368,-0.302
1.598,-0.138,-0.139,0.437,-0.367
1.602,-0.137,-0.141,0.480,-0.318
1.606,-0.134,-0.142,0.425,-0.254
1.610,-0.133,-0.143,0.333,-0.280
1.614,-0.132,-0.144,0.336,-0.322
1.618,-0.130,-0.146,0.341,-0.302
1.622,-0.129,-0.147,0.372,-0.402
1.627,-0.127,-0.149,0.434,-0.506
1.631,-0.125,-0.151,0.403,-0.465
1.635,-0.124,-0.153,0.379,-0.526
1.639,-0.122,-0.156,0.521,-0.564
1.643,-0.119,-0.158,0.584,-0.485
1.647,-0.117,-0.160,0.546,-0.425
1.652,-0.115,-0.161,0.487,-0.424
1.656,-0.113,-0.163,0.545,-0.464
1.660,-0.110,-0.165,0.644,-0.446
1.664,-0.108,-0.167,0.625,-0.426
1.668,-0.105,-0.169,0.663,-0.486
1.672,-0.102,-0.171,0.761,-0.567
1.677,-9.879E-2,-0.173,0.780,-0.587
1.681,-9.570E-2,-0.176,0.684,-0.447
1.685,-9.309E-2,-0.177,0.744,-0.428
1.689,-8.951E-2,-0.179,0.822,-0.469
1.693,-8.624E-2,-0.181,0.763,-0.428
1.697,-8.315E-2,-0.183,0.783,-0.429
1.702,-7.972E-2,-0.185,0.802,-0.449
1.706,-7.646E-2,-0.187,0.801,-0.548
1.710,-7.305E-2,-0.189,0.939,-0.550
1.714,-6.863E-2,-0.191,1.000,-0.432
1.718,-6.471E-2,-0.193,0.942,-0.372
1.722,-6.078E-2,-0.194,0.943,-0.293
1.726,-5.685E-2,-0.195,0.905,-0.253
1.731,-5.324E-2,-0.196,1.002,-0.314
1.735,-4.849E-2,-0.198,1.043,-0.236
1.739,-4.455E-2,-0.198,1.062,-0.275
1.743,-3.964E-2,-0.200,1.161,-0.277
1.747,-3.487E-2,-0.201,1.064,-0.177
1.751,-3.077E-2,-0.202,1.024,-0.235
1.756,-2.634E-2,-0.203,1.161,-0.297
1.760,-2.110E-2,-0.204,1.201,-0.258
1.764,-1.634E-2,-0.205,1.065,-0.117
1.768,-1.222E-2,-0.205,1.206,-0.203
1.772,-6.286E-3,-0.207,1.438,-0.215
1.776,-2.360E-4,-0.207,1.341,-2.341E-2
1.781,4.891E-3,-0.207,1.070,5.166E-2
1.785,8.677E-3,-0.206,0.818,7.001E-2
1.789,1.171E-2,-0.206,0.687,0.156
1.793,1.440E-2,-0.205,0.843,0.237
1.797,1.873E-2,-0.204,1.103,0.302
1.801,2.359E-2,-0.203,1.229,0.314
1.806,2.897E-2,-0.202,1.087,0.247
1.810,3.265E-2,-0.201,0.919,0.250
1.814,3.663E-2,-0.199,1.081,0.289
1.818,4.166E-2,-0.198,1.136,0.260
1.822,4.610E-2,-0.197,1.315,0.274
1.826,5.042E-2,-0.196,1.157,0.279
1.831,5.574E-2,-0.195,1.115,0.312
1.835,5.971E-2,-0.194,0.953,0.260
1.839,6.368E-2,-0.193,0.915,0.340
1.843,6.734E-2,-0.191,0.799,0.460
1.847,7.034E-2,-0.189,0.877,0.420
1.851,7.465E-2,-0.187,0.876,0.341
1.855,7.763E-2,-0.186,0.916,0.379
1.860,8.228E-2,-0.184,0.957,0.458
1.864,8.561E-2,-0.182,0.840,0.539
1.868,8.927E-2,-0.180,0.878,0.459
1.872,9.292E-2,-0.178,0.758,0.422
1.876,9.560E-2,-0.176,0.641,0.503
1.880,9.826E-2,-0.174,0.801,0.619
1.885,0.102,-0.171,0.880,0.578
1.889,0.106,-0.169,0.681,0.502
1.893,0.108,-0.167,0.562,0.465
1.897,0.110,-0.166,0.641,0.503
1.901,0.113,-0.163,0.483,0.466
1.905,0.114,-0.162,0.641,0.503
1.910,0.119,-0.158,0.800,0.539
1.914,0.121,-0.157,0.519,0.307
1.918,0.123,-0.156,0.481,0.387
1.922,0.125,-0.154,0.444,0.506
1.926,0.127,-0.152,0.481,0.387
1.930,0.129,-0.151,0.559,0.346
1.935,0.131,-0.149,0.365,0.547
1.939,0.132,-0.146,0.364,0.468
1.943,0.134,-0.145,0.440,0.309
1.947,0.136,-0.144,0.401,0.349
1.951,0.138,-0.142,0.363,0.429
1.955,0.139,-0.140,0.245,0.431
1.959,0.140,-0.138,0.284,0.390
1.964,0.141,-0.137,0.281,0.272
1.968,0.142,-0.136,0.361,0.270
1.972,0.144,-0.135,0.320,0.232
1.976,0.145,-0.134,0.208,0.222
1.980,0.146,-0.133,0.229,0.316
1.984,0.147,-0.132,0.173,0.243
1.989,0.147,-0.131,0.151,0.202
1.993,0.148,-0.130,0.122,0.153
1.997,0.148,-0.129,8.669E-2,0.125
2.001,0.149,-0.129,9.373E-2,0.125
2.005,0.149,-0.128,0.115,0.146
2.009,0.150,-0.128,8.644E-2,0.111
2.014,0.150,-0.127,5.051E-2,6.953E-2
2.018,0.150,-0.127,7.212E-2,9.732E-2
2.022,0.150,-0.127,6.483E-2,8.337E-2
2.026,0.151,-0.126,-2.161E-2,-2.779E-2
2.030,0.150,-0.127,-7.224E-2,-0.104
2.034,0.150,-0.127,-8.644E-2,-0.111
2.039,0.149,-0.128,-0.107,-9.671E-2
2.043,0.149,-0.128,-9.299E-2,-8.288E-2
2.047,0.149,-0.128,-0.100,-8.979E-2
2.051,0.148,-0.129,-0.143,-0.124
2.055,0.148,-0.130,-0.172,-0.159
2.059,0.147,-0.130,-0.157,-0.145
2.063,0.146,-0.131,-0.136,-0.138
2.068,0.146,-0.131,-0.222,-0.214
2.072,0.144,-0.133,-0.308,-0.297
2.076,0.143,-0.134,-0.272,-0.270
2.080,0.142,-0.135,-0.200,-0.249
2.084,0.141,-0.136,-0.270,-0.287
2.088,0.140,-0.137,-0.284,-0.274
2.093,0.139,-0.138,-0.244,-0.295
2.097,0.138,-0.140,-0.375,-0.362
2.101,0.136,-0.141,-0.326,-0.423
2.105,0.135,-0.143,-0.296,-0.403
2.109,0.133,-0.145,-0.375,-0.362
2.113,0.132,-0.146,-0.415,-0.401
2.118,0.130,-0.148,-0.436,-0.470
2.122,0.128,-0.150,-0.393,-0.615
2.126,0.127,-0.153,-0.404,-0.571
2.130,0.125,-0.155,-0.430,-0.443
2.134,0.123,-0.157,-0.473,-0.464
2.138,0.121,-0.159,-0.585,-0.447
2.143,0.118,-0.160,-0.607,-0.461
2.147,0.116,-0.163,-0.630,-0.573
2.151,0.113,-0.165,-0.698,-0.533
2.155,0.110,-0.167,-0.662,-0.449
2.159,0.108,-0.169,-0.682,-0.449
2.163,0.104,-0.171,-0.744,-0.422
2.167,0.101,-0.172,-0.761,-0.386
2.172,9.812E-2,-0.174,-0.771,-0.469
2.176,9.490E-2,-0.176,-0.747,-0.564
2.180,9.190E-2,-0.179,-0.807,-0.504
2.184,8.817E-2,-0.181,-0.851,-0.444
2.188,8.481E-2,-0.182,-0.806,-0.444
2.192,8.145E-2,-0.184,-0.761,-0.416
2.197,7.847E-2,-0.186,-0.836,-0.429
2.201,7.449E-2,-0.188,-0.998,-0.397
2.205,7.015E-2,-0.189,-1.012,-0.375
2.209,6.606E-2,-0.191,-0.909,-0.362
2.213,6.257E-2,-0.192,-0.977,-0.307
2.217,5.791E-2,-0.194,-1.028,-0.383
2.222,5.401E-2,-0.195,-0.991,-0.321
2.226,4.965E-2,-0.196,-1.025,-0.250
2.230,4.546E-2,-0.197,-0.997,-0.264
2.234,4.134E-2,-0.198,-1.082,-0.270
2.238,3.645E-2,-0.200,-1.212,-0.278
2.242,3.123E-2,-0.201,-1.051,-0.277
2.247,2.769E-2,-0.202,-0.956,-0.283
2.251,2.327E-2,-0.203,-1.042,-0.193
2.255,1.901E-2,-0.204,-1.093,-8.655E-2
2.259,1.416E-2,-0.204,-1.165,-0.173
2.263,9.301E-3,-0.205,-1.217,-0.155
2.267,4.019E-3,-0.205,-1.215,-3.160E-2
2.271,-8.258E-4,-0.205,-1.108,3.695E-2
2.276,-5.218E-3,-0.205,-1.123,0.213
2.280,-1.018E-2,-0.203,-1.087,0.283
2.284,-1.427E-2,-0.202,-0.949,0.105
2.288,-1.809E-2,-0.203,-0.914,6.877E-2
2.292,-2.189E-2,-0.202,-1.001,0.158
2.296,-2.643E-2,-0.201,-1.107,0.125
2.301,-3.111E-2,-0.201,-1.070,0.195
2.305,-3.535E-2,-0.200,-1.105,0.213
2.309,-4.033E-2,-0.199,-1.105,0.231
2.313,-4.456E-2,-0.198,-1.051,0.300
2.317,-4.908E-2,-0.197,-1.085,0.371
2.321,-5.360E-2,-0.195,-0.945,0.298
2.326,-5.696E-2,-0.194,-0.929,0.245
2.330,-6.134E-2,-0.193,-0.980,0.316
2.334,-6.513E-2,-0.191,-0.909,0.350
2.338,-6.892E-2,-0.190,-0.909,0.368
2.342,-7.271E-2,-0.188,-0.961,0.404
2.346,-7.693E-2,-0.186,-0.926,0.421
2.351,-8.042E-2,-0.185,-0.785,0.419
2.355,-8.347E-2,-0.183,-0.893,0.530
2.359,-8.786E-2,-0.180,-1.143,0.674
2.363,-9.109E-2,-0.178,-0.760,0.474
2.367,-9.420E-2,-0.176,-0.664,0.403
2.371,-9.662E-2,-0.175,-0.636,0.402
2.375,-9.950E-2,-0.173,-0.705,0.431
2.380,-0.102,-0.171,-0.649,0.444
2.384,-0.105,-0.169,-0.674,0.599
2.388,-0.108,-0.166,-0.704,0.501
2.392,-0.111,-0.165,-0.523,0.428
2.396,-0.112,-0.163,-0.511,0.372
2.400,-0.115,-0.162,-0.555,0.395
2.405,-0.117,-0.160,-0.623,0.512
2.409,-0.120,-0.158,-0.680,0.433
2.413,-0.123,-0.156,-0.436,0.429
2.417,-0.124,-0.154,-0.393,0.384
2.421,-0.126,-0.153,-0.548,0.365
2.425,-0.128,-0.151,-0.460,0.363
2.430,-0.130,-0.150,-0.370,0.384
2.434,-0.132,-0.148,-0.437,0.363
2.438,-0.134,-0.147,-0.481,0.430
2.442,-0.136,-0.144,-0.303,0.333
2.446,-0.136,-0.144,-0.210,0.289
2.450,-0.137,-0.142,-0.268,0.341
2.455,-0.138,-0.141,-0.318,0.317
2.459,-0.140,-0.139,-0.292,0.366
2.463,-0.141,-0.138,-0.206,0.315
2.467,-0.142,-0.137,-0.232,0.278
2.471,-0.143,-0.136,-0.157,0.289
2.475,-0.143,-0.134,-0.132,0.264
2.480,-0.144,-0.134,-0.185,0.128
2.484,-0.144,-0.133,-0.147,0.127
2.488,-0.145,-0.132,-9.696E-2,0.151
2.492,-0.145,-0.132,-0.147,0.115
2.496,-0.146,-0.131,-0.109,0.151
2.500,-0.146,-0.131,-9.783E-2,0.101
2.504,-0.147,-0.131,-9.826E-2,7.641E-2
2.509,-0.147,-0.130,-4.761E-2,0.125
2.513,-0.147,-0.130,0.000,0.000
2.517,-0.147,-0.130,7.294E-2,-0.101
2.521,-0.147,-0.130,8.625E-2,-5.130E-2
2.525,-0.146,-0.131,0.135,-0.114
2.529,-0.146,-0.131,0.171,-0.177
2.534,-0.145,-0.132,0.148,-0.102
2.538,-0.144,-0.132,6.179E-2,-2.598E-2
2.542,-0.144,-0.132,8.668E-2,-2.641E-2
2.546,-0.144,-0.132,0.148,-0.102
2.550,-0.143,-0.133,0.159,-0.165
2.554,-0.142,-0.134,0.209,-0.178
2.559,-0.141,-0.135,0.234,-0.166
2.563,-0.140,-0.135,0.209,-0.165
2.567,-0.140,-0.136,0.196,-0.203
2.571,-0.139,-0.137,0.208,-0.203
2.575,-0.138,-0.138,0.245,-0.253
2.579,-0.137,-0.139,0.230,-0.365
2.584,-0.136,-0.141,0.243,-0.340
2.588,-0.135,-0.142,0.294,-0.254
2.592,-0.134,-0.143,0.318,-0.317
2.596,-0.132,-0.145,0.391,-0.405
2.600,-0.130,-0.146,0.428,-0.418
2.604,-0.129,-0.148,0.490,-0.444
2.608,-0.126,-0.150,0.491,-0.395
2.613,-0.124,-0.151,0.404,-0.405
2.617,-0.123,-0.153,0.478,-0.457
2.621,-0.120,-0.155,0.477,-0.469
2.625,-0.119,-0.157,0.451,-0.568
2.629,-0.117,-0.160,0.489,-0.531
2.633,-0.115,-0.162,0.467,-0.357
2.638,-0.113,-0.163,0.552,-0.455
2.642,-0.110,-0.165,0.602,-0.540
2.646,-0.108,-0.167,0.658,-0.455
2.650,-0.105,-0.169,0.745,-0.523
2.654,-0.102,-0.172,0.614,-0.432
2.658,-9.958E-2,-0.173,0.614,-0.388
2.663,-9.648E-2,-0.175,0.790,-0.524
2.667,-9.300E-2,-0.177,0.812,-0.480
2.671,-8.971E-2,-0.179,0.703,-0.389
2.675,-8.714E-2,-0.180,0.658,-0.411
2.679,-8.422E-2,-0.182,0.770,-0.391
2.683,-8.073E-2,-0.184,0.879,-0.481
2.688,-7.689E-2,-0.186,0.969,-0.438
2.692,-7.266E-2,-0.187,0.881,-0.393
2.696,-6.956E-2,-0.190,0.768,-0.501
2.700,-6.626E-2,-0.191,0.880,-0.415
2.704,-6.222E-2,-0.193,1.015,-0.328
2.708,-5.780E-2,-0.194,1.037,-0.307
2.712,-5.358E-2,-0.196,1.016,-0.284
2.717,-4.934E-2,-0.197,1.016,-0.284
2.721,-4.511E-2,-0.198,1.082,-0.285
2.725,-4.032E-2,-0.199,1.083,-0.241
2.729,-3.609E-2,-0.200,0.951,-0.194
2.733,-3.240E-2,-0.201,1.032,-0.136
2.737,-2.749E-2,-0.201,1.186,-0.147
2.742,-2.252E-2,-0.202,1.004,-0.229
2.746,-1.912E-2,-0.203,0.930,-0.191
2.750,-1.477E-2,-0.203,1.069,-0.106
2.754,-1.021E-2,-0.204,1.305,-0.110
2.758,-3.890E-3,-0.204,1.318,-7.281E-2
2.762,7.753E-4,-0.205,1.120,-3.200E-2
2.767,5.442E-3,-0.205,1.045,-5.558E-2
2.771,9.482E-3,-0.205,0.999,0.157
2.775,1.376E-2,-0.203,0.889,0.296
2.779,1.689E-2,-0.203,0.908,0.167
2.783,2.133E-2,-0.202,1.160,0.162
2.787,2.656E-2,-0.201,1.162,0.197
2.792,3.101E-2,-0.200,1.067,0.177
2.796,3.545E-2,-0.200,1.135,8.826E-2
2.800,4.047E-2,-0.200,1.023,0.111
2.804,4.398E-2,-0.199,0.954,0.221
2.808,4.842E-2,-0.198,1.040,0.317
2.812,5.264E-2,-0.196,1.013,0.388
2.816,5.686E-2,-0.194,0.957,0.402
2.821,6.061E-2,-0.193,0.915,0.403
2.825,6.449E-2,-0.191,0.901,0.389
2.829,6.812E-2,-0.190,0.902,0.417
2.833,7.200E-2,-0.188,1.000,0.458
2.837,7.646E-2,-0.186,0.958,0.458
2.841,7.998E-2,-0.184,0.943,0.417
2.846,8.432E-2,-0.182,0.929,0.417
2.850,8.773E-2,-0.180,0.791,0.461
2.854,9.091E-2,-0.178,0.748,0.448
2.858,9.397E-2,-0.177,0.734,0.406
2.862,9.702E-2,-0.175,0.706,0.393
2.866,9.985E-2,-0.173,0.719,0.379
2.871,0.103,-0.172,0.749,0.476
2.875,0.106,-0.169,0.750,0.532
2.879,0.109,-0.167,0.679,0.449
2.883,0.112,-0.166,0.601,0.552
2.887,0.114,-0.163,0.619,0.577
2.891,0.117,-0.161,0.507,0.489
2.896,0.118,-0.159,0.586,0.566
2.900,0.121,-0.157,0.543,0.414
2.904,0.123,-0.155,0.543,0.426
2.908,0.125,-0.153,0.431,0.453
2.912,0.127,-0.152,0.445,0.515
2.916,0.129,-0.149,0.542,0.401
2.920,0.131,-0.148,0.355,0.342
2.925,0.132,-0.146,0.231,0.407
2.929,0.133,-0.145,0.375,0.469
2.933,0.135,-0.142,0.388,0.440
2.937,0.136,-0.141,0.321,0.251
2.941,0.138,-0.140,0.381,0.310
2.945,0.139,-0.139,0.264,0.391
2.950,0.140,-0.137,0.203,0.293
2.954,0.141,-0.136,0.182,0.234
2.958,0.142,-0.135,0.203,0.313
2.962,0.143,-0.133,0.281,0.272
2.966,0.144,-0.133,0.182,0.214
2.970,0.144,-0.132,0.160,0.136
2.975,0.145,-0.132,0.140,7.661E-2
2.979,0.146,-0.131,0.122,0.176
2.983,0.146,-0.130,8.213E-2,0.176
2.987,0.146,-0.130,6.800E-2,0.131
2.991,0.147,-0.129,0.103,9.352E-2
2.995,0.147,-0.129,8.619E-2,9.708E-2
3.000,0.147,-0.128,6.483E-2,8.337E-2
3.004,0.148,-0.128,2.840E-2,1.359E-2
3.008,0.148,-0.128,-7.040E-3,1.229E-4
3.012,0.148,-0.128,-5.718E-2,-4.829E-2
3.016,0.147,-0.129,-7.940E-2,-0.111
3.020,0.147,-0.129,-0.108,-0.132
3.024,0.146,-0.130,-0.143,-0.223
3.029,0.146,-0.131,-9.963E-2,-0.238
3.033,0.146,-0.132,-4.193E-2,-0.138
3.037,0.145,-0.132,-0.161,-0.155
3.041,0.144,-0.133,-0.163,-0.254
3.045,0.144,-0.134,-0.143,-0.294
3.049,0.143,-0.135,-0.241,-0.233
3.054,0.142,-0.136,-0.221,-0.194
3.058,0.141,-0.137,-0.161,-0.155
3.062,0.141,-0.137,-0.161,-0.155
3.066,0.140,-0.138,-0.222,-0.293
3.070,0.139,-0.140,-0.242,-0.292
3.074,0.138,-0.141,-0.201,-0.214
3.079,0.137,-0.142,-0.222,-0.253
3.083,0.136,-0.143,-0.323,-0.370
3.087,0.134,-0.145,-0.324,-0.429
3.091,0.133,-0.146,-0.265,-0.470
3.095,0.132,-0.149,-0.383,-0.428
3.099,0.130,-0.150,-0.542,-0.465
3.104,0.128,-0.152,-0.542,-0.485
3.108,0.126,-0.154,-0.422,-0.388
3.112,0.124,-0.156,-0.382,-0.389
3.116,0.122,-0.157,-0.620,-0.404
3.120,0.119,-0.159,-0.640,-0.463
3.124,0.117,-0.161,-0.463,-0.486
3.129,0.115,-0.163,-0.522,-0.445
3.133,0.113,-0.165,-0.640,-0.463
3.137,0.110,-0.167,-0.680,-0.462
3.141,0.107,-0.169,-0.622,-0.523
3.145,0.105,-0.171,-0.759,-0.441
3.149,0.101,-0.172,-0.738,-0.382
3.153,9.849E-2,-0.175,-0.680,-0.443
3.158,9.500E-2,-0.176,-0.798,-0.421
3.162,9.184E-2,-0.178,-0.739,-0.461
3.166,8.884E-2,-0.180,-0.799,-0.500
3.170,8.518E-2,-0.182,-0.917,-0.478
3.174,8.120E-2,-0.184,-0.936,-0.399
3.178,7.738E-2,-0.186,-0.896,-0.360
3.183,7.373E-2,-0.187,-0.876,-0.360
3.187,7.008E-2,-0.189,-0.857,-0.420
3.191,6.659E-2,-0.190,-0.897,-0.459
3.195,6.260E-2,-0.192,-0.994,-0.319
3.199,5.831E-2,-0.193,-0.934,-0.300
3.203,5.482E-2,-0.195,-0.916,-0.419
3.208,5.067E-2,-0.197,-1.055,-0.456
3.212,4.602E-2,-0.199,-1.033,-0.318
3.216,4.206E-2,-0.199,-1.012,-0.219
3.220,3.759E-2,-0.200,-1.094,-0.376
3.224,3.295E-2,-0.202,-1.052,-0.278
3.228,2.882E-2,-0.203,-1.048,-4.099E-2
3.233,2.421E-2,-0.203,-1.090,-0.198
3.237,1.974E-2,-0.204,-1.168,-0.118
3.241,1.448E-2,-0.204,-1.304,2.276E-2
3.245,8.871E-3,-0.204,-1.326,-0.115
3.249,3.430E-3,-0.205,-1.266,-5.696E-2
3.253,-1.677E-3,-0.205,-1.106,3.907E-2
3.257,-5.787E-3,-0.204,-0.829,7.375E-2
3.262,-8.583E-3,-0.204,-0.926,0.155
3.266,-1.351E-2,-0.203,-0.966,0.135
3.270,-1.663E-2,-0.203,-0.868,0.114
3.274,-2.074E-2,-0.202,-1.026,0.117
3.278,-2.518E-2,-0.202,-1.047,3.803E-2
3.282,-2.946E-2,-0.202,-1.105,0.118
3.287,-3.439E-2,-0.201,-1.142,0.218
3.291,-3.898E-2,-0.200,-1.163,0.178
3.295,-4.408E-2,-0.200,-1.064,0.196
3.299,-4.784E-2,-0.198,-0.924,0.293
3.303,-5.177E-2,-0.197,-1.061,0.374
3.307,-5.668E-2,-0.195,-1.022,0.314
3.312,-6.029E-2,-0.194,-0.786,0.231
3.316,-6.324E-2,-0.193,-0.823,0.390
3.320,-6.715E-2,-0.191,-1.000,0.452
3.324,-7.157E-2,-0.190,-0.981,0.393
3.328,-7.533E-2,-0.188,-0.863,0.371
3.332,-7.876E-2,-0.186,-0.883,0.351
3.337,-8.269E-2,-0.185,-0.783,0.409
3.341,-8.529E-2,-0.183,-0.803,0.429
3.345,-8.938E-2,-0.181,-0.901,0.490
3.349,-9.279E-2,-0.179,-0.763,0.468
3.353,-9.573E-2,-0.178,-0.744,0.408
3.357,-9.899E-2,-0.176,-0.781,0.547
3.361,-0.102,-0.173,-0.546,0.425
3.366,-0.104,-0.172,-0.586,0.366
3.370,-0.107,-0.170,-0.782,0.508
3.374,-0.110,-0.168,-0.584,0.504
3.378,-0.112,-0.166,-0.488,0.364
3.382,-0.114,-0.165,-0.447,0.443
3.386,-0.116,-0.162,-0.522,0.642
3.391,-0.118,-0.159,-0.584,0.524
3.395,-0.121,-0.158,-0.683,0.486
3.399,-0.124,-0.155,-0.606,0.406
3.403,-0.126,-0.154,-0.390,0.303
3.407,-0.127,-0.153,-0.389,0.382
3.411,-0.129,-0.151,-0.467,0.423
3.416,-0.131,-0.149,-0.428,0.403
3.420,-0.132,-0.148,-0.288,0.460
3.424,-0.134,-0.145,-0.290,0.341
3.428,-0.135,-0.145,-0.251,0.321
3.432,-0.136,-0.143,-0.338,0.451
3.436,-0.137,-0.142,-0.290,0.341
3.441,-0.138,-0.140,-0.230,0.419
3.445,-0.139,-0.138,-0.292,0.242
3.449,-0.141,-0.138,-0.274,0.143
3.453,-0.141,-0.137,-0.175,0.181
3.457,-0.142,-0.136,-0.155,0.200
3.461,-0.143,-0.136,-0.156,0.141
3.465,-0.143,-0.135,-0.174,0.201
3.470,-0.144,-0.134,-0.192,0.300
3.474,-0.145,-0.133,-0.134,0.239
3.478,-0.145,-0.132,-5.686E-2,0.139
3.482,-0.145,-0.132,-9.706E-2,0.101
3.486,-0.146,-0.131,-5.651E-2,0.159
3.490,-0.146,-0.130,-5.720E-2,0.120
3.495,-0.146,-0.130,5.720E-2,-0.120
3.499,-0.145,-0.131,0.214,-0.201
3.503,-0.145,-0.132,9.534E-2,-0.199
3.507,-0.145,-0.133,7.627E-2,-0.159
3.511,-0.144,-0.133,0.156,-0.141
3.515,-0.143,-0.134,7.696E-2,-0.120
3.520,-0.143,-0.134,5.686E-2,-0.139
3.524,-0.143,-0.135,7.696E-2,-0.120
3.528,-0.143,-0.135,1.976E-2,-3.449E-4
3.532,-0.143,-0.135,0.157,-6.203E-2
3.536,-0.141,-0.136,0.175,-0.161
3.540,-0.141,-0.137,0.115,-0.219
3.545,-0.140,-0.137,0.214,-0.201
3.549,-0.140,-0.138,0.194,-0.221
3.553,-0.139,-0.139,0.232,-0.281
3.557,-0.138,-0.141,0.234,-0.202
3.561,-0.137,-0.141,0.293,-0.203
3.565,-0.135,-0.142,0.351,-0.283
3.569,-0.134,-0.143,0.272,-0.281
3.574,-0.133,-0.145,0.349,-0.382
3.578,-0.131,-0.146,0.429,-0.324
3.582,-0.129,-0.147,0.430,-0.264
3.586,-0.128,-0.149,0.409,-0.363
3.590,-0.126,-0.150,0.429,-0.324
3.594,-0.124,-0.151,0.469,-0.324
3.599,-0.122,-0.153,0.487,-0.404
3.603,-0.120,-0.155,0.426,-0.502
3.607,-0.118,-0.157,0.405,-0.560
3.611,-0.116,-0.159,0.505,-0.523
3.615,-0.114,-0.162,0.584,-0.485
3.619,-0.112,-0.163,0.605,-0.426
3.624,-0.109,-0.165,0.467,-0.423
3.628,-0.108,-0.167,0.524,-0.523
3.632,-0.105,-0.170,0.721,-0.605
3.636,-0.102,-0.172,0.684,-0.517
3.640,-9.911E-2,-0.174,0.683,-0.470
3.644,-9.604E-2,-0.176,0.862,-0.538
3.649,-9.193E-2,-0.178,0.776,-0.499
3.653,-8.958E-2,-0.180,0.702,-0.423
3.657,-8.608E-2,-0.182,0.852,-0.401
3.661,-8.248E-2,-0.183,0.877,-0.414
3.665,-7.877E-2,-0.185,0.778,-0.387
3.669,-7.600E-2,-0.187,0.716,-0.349
3.673,-7.281E-2,-0.188,0.854,-0.289
3.678,-6.888E-2,-0.189,0.985,-0.380
3.682,-6.459E-2,-0.191,0.946,-0.408
3.686,-6.099E-2,-0.192,0.861,-0.402
3.690,-5.741E-2,-0.195,0.899,-0.464
3.694,-5.351E-2,-0.196,0.905,-0.394
3.698,-4.988E-2,-0.198,1.029,-0.363
3.703,-4.493E-2,-0.199,1.093,-0.270
3.707,-4.076E-2,-0.200,0.874,-0.266
3.711,-3.765E-2,-0.202,0.968,-0.268
3.715,-3.270E-2,-0.202,1.188,-0.209
3.719,-2.775E-2,-0.203,1.159,-0.114
3.723,-2.304E-2,-0.203,1.034,-4.942E-2
3.728,-1.913E-2,-0.204,1.033,-0.112
3.732,-1.443E-2,-0.204,1.127,-0.145
3.736,-9.739E-3,-0.205,1.252,-0.147
3.740,-3.998E-3,-0.206,1.159,-8.298E-2
3.744,-7.822E-5,-0.206,0.816,4.849E-2
3.748,2.806E-3,-0.205,1.004,1.384E-2
3.753,8.289E-3,-0.206,1.289,0.134
3.757,1.354E-2,-0.204,1.104,0.326
3.761,1.749E-2,-0.203,1.134,0.263
3.765,2.299E-2,-0.202,1.164,0.199
3.769,2.719E-2,-0.201,0.975,0.140
3.773,3.112E-2,-0.201,0.819,0.174
3.777,3.401E-2,-0.200,1.006,0.139
3.782,3.950E-2,-0.200,1.228,0.261
3.786,4.424E-2,-0.198,1.072,0.326
3.790,4.844E-2,-0.197,0.945,0.234
3.794,5.212E-2,-0.196,0.979,0.359
3.798,5.659E-2,-0.194,1.040,0.296
3.802,6.079E-2,-0.193,1.040,0.296
3.807,6.526E-2,-0.191,0.979,0.391
3.811,6.895E-2,-0.190,0.884,0.330
3.815,7.263E-2,-0.189,0.823,0.425
3.819,7.581E-2,-0.186,0.852,0.299
3.823,7.973E-2,-0.186,0.821,0.331
3.827,8.265E-2,-0.184,0.824,0.488
3.832,8.660E-2,-0.182,0.919,0.517
3.836,9.031E-2,-0.179,0.794,0.551
3.840,9.322E-2,-0.177,0.727,0.332
3.844,9.637E-2,-0.176,0.759,0.332
3.848,9.954E-2,-0.175,0.698,0.427
3.852,0.102,-0.173,0.605,0.491
3.857,0.105,-0.171,0.699,0.490
3.861,0.108,-0.169,0.605,0.523
3.865,0.110,-0.166,0.511,0.493
3.869,0.112,-0.165,0.572,0.398
3.873,0.114,-0.163,0.667,0.490
3.877,0.118,-0.161,0.698,0.458
3.882,0.120,-0.159,0.539,0.336
3.886,0.122,-0.158,0.479,0.494
3.890,0.124,-0.155,0.416,0.495
3.894,0.126,-0.154,0.383,0.370
3.898,0.127,-0.152,0.447,0.463
3.902,0.130,-0.150,0.446,0.369
3.906,0.131,-0.149,0.381,0.244
3.911,0.133,-0.148,0.383,0.370
3.915,0.134,-0.146,0.417,0.526
3.919,0.136,-0.143,0.320,0.371
3.923,0.137,-0.143,0.225,0.310
3.927,0.138,-0.141,0.290,0.465
3.931,0.139,-0.139,0.288,0.340
3.936,0.140,-0.138,0.380,0.213
3.940,0.143,-0.137,0.317,0.214
3.944,0.143,-0.136,0.191,0.185
3.948,0.144,-0.135,0.256,0.278
3.952,0.145,-0.134,0.193,0.248
3.956,0.146,-0.133,0.161,0.217
3.961,0.147,-0.132,0.318,0.245
3.965,0.148,-0.131,0.189,5.944E-2
3.969,0.148,-0.132,9.463E-2,2.972E-2
3.973,0.149,-0.131,0.191,0.185
3.977,0.150,-0.130,0.129,0.186
3.981,0.150,-0.130,-6.327E-2,-3.027E-2
3.986,0.149,-0.130,-0.201,-0.310
3.990,0.149,-0.132,-0.128,-0.155
3.994,0.148,-0.132,-9.408E-2,1.642E-3
3.998,0.148,-0.132,-3.136E-2,5.474E-4
4.002,0.148,-0.132,-6.436E-2,-9.299E-2
4.006,0.148,-0.132,-3.300E-2,-9.353E-2
4.010,0.148,-0.132,-9.572E-2,-9.244E-2
4.015,0.147,-0.133,-9.572E-2,-9.244E-2
4.019,0.147,-0.133,-3.410E-2,-0.156
4.023,0.147,-0.134,-0.285,-0.152
4.027,0.144,-0.134,-0.252,-5.834E-2
4.031,0.144,-0.135,-0.130,-0.249
4.035,0.143,-0.137,-0.194,-0.310
4.040,0.143,-0.138,-9.737E-2,-0.187
4.044,0.143,-0.138,-0.193,-0.248
4.048,0.141,-0.140,-0.383,-0.401
4.052,0.139,-0.141,-0.287,-0.246
4.056,0.139,-0.142,-0.256,-0.278
4.060,0.137,-0.144,-0.320,-0.339
4.065,0.136,-0.145,-0.352,-0.402
4.069,0.134,-0.147,-0.319,-0.308
4.073,0.133,-0.147,-0.412,-0.212
4.077,0.131,-0.149,-0.480,-0.525
4.081,0.129,-0.151,-0.415,-0.432
4.085,0.127,-0.152,-0.539,-0.336
4.090,0.125,-0.154,-0.477,-0.368
4.094,0.123,-0.156,-0.510,-0.462
4.098,0.121,-0.158,-0.636,-0.491
4.102,0.118,-0.160,-0.541,-0.430
4.106,0.116,-0.162,-0.604,-0.429
4.110,0.113,-0.163,-0.573,-0.461
4.114,0.111,-0.166,-0.479,-0.494
4.119,0.109,-0.167,-0.604,-0.460
4.123,0.106,-0.169,-0.666,-0.396
4.127,0.104,-0.171,-0.761,-0.457
4.131,0.100,-0.173,-0.698,-0.458
4.135,9.771E-2,-0.174,-0.759,-0.332
4.139,9.377E-2,-0.176,-0.824,-0.456
4.144,9.085E-2,-0.178,-0.855,-0.487
4.148,8.664E-2,-0.180,-0.887,-0.486
4.152,8.346E-2,-0.182,-0.920,-0.611
4.156,7.897E-2,-0.185,-0.919,-0.549
4.160,7.580E-2,-0.187,-0.728,-0.395
4.164,7.290E-2,-0.188,-0.822,-0.393
4.169,6.895E-2,-0.190,-0.917,-0.392
4.173,6.526E-2,-0.192,-0.980,-0.422
4.177,6.078E-2,-0.194,-1.043,-0.421
4.181,5.657E-2,-0.195,-0.885,-0.361
4.185,5.341E-2,-0.197,-0.853,-0.330
4.189,4.947E-2,-0.198,-1.103,-0.294
4.194,4.422E-2,-0.199,-1.103,-0.294
4.198,4.027E-2,-0.200,-1.009,-0.296
4.202,3.581E-2,-0.202,-0.912,-0.141
4.206,3.267E-2,-0.202,-0.913,-0.172
4.210,2.820E-2,-0.203,-1.165,-0.231
4.214,2.297E-2,-0.203,-1.257,-0.104
4.218,1.773E-2,-0.204,-1.131,-0.106
4.223,1.354E-2,-0.204,-0.941,-1.494E-2
4.227,9.885E-3,-0.204,-0.973,-4.575E-2
4.231,5.428E-3,-0.205,-1.132,-0.137
4.235,4.536E-4,-0.205,-1.132,-0.137
4.239,-4.003E-3,-0.206,-0.970,0.142
4.243,-7.630E-3,-0.204,-1.062,0.269
4.248,-1.285E-2,-0.204,-1.066,1.861E-2
4.252,-1.652E-2,-0.204,-1.046,8.250E-2
4.256,-2.157E-2,-0.203,-1.100,0.174
4.260,-2.568E-2,-0.202,-1.025,0.176
4.264,-3.011E-2,-0.201,-1.024,0.215
4.268,-3.421E-2,-0.201,-1.064,0.196
4.273,-3.898E-2,-0.200,-1.083,0.236
4.277,-4.324E-2,-0.199,-1.002,0.334
4.281,-4.733E-2,-0.197,-1.023,0.295
4.285,-5.176E-2,-0.196,-0.943,0.313
4.289,-5.519E-2,-0.194,-0.883,0.391
4.293,-5.911E-2,-0.193,-0.923,0.332
4.298,-6.288E-2,-0.192,-0.944,0.273
4.302,-6.698E-2,-0.191,-0.981,0.412
4.306,-7.105E-2,-0.188,-0.862,0.450
4.310,-7.416E-2,-0.187,-0.884,0.312
4.314,-7.842E-2,-0.186,-0.883,0.371
4.318,-8.151E-2,-0.184,-0.803,0.429
4.322,-8.511E-2,-0.182,-0.842,0.449
4.327,-8.853E-2,-0.180,-0.744,0.388
4.331,-9.131E-2,-0.179,-0.784,0.350
4.335,-9.507E-2,-0.177,-0.743,0.448
4.339,-9.750E-2,-0.175,-0.605,0.465
4.343,-0.100,-0.173,-0.585,0.465
4.347,-0.102,-0.171,-0.625,0.426
4.352,-0.105,-0.170,-0.704,0.427
4.356,-0.108,-0.168,-0.664,0.466
4.360,-0.111,-0.166,-0.565,0.484
4.364,-0.113,-0.164,-0.506,0.444
4.368,-0.115,-0.162,-0.605,0.445
4.372,-0.118,-0.160,-0.506,0.463
4.377,-0.119,-0.158,-0.407,0.442
4.381,-0.121,-0.156,-0.427,0.422
4.385,-0.123,-0.155,-0.448,0.383
4.389,-0.125,-0.153,-0.526,0.424
4.393,-0.127,-0.151,-0.447,0.423
4.397,-0.129,-0.149,-0.290,0.341
4.402,-0.130,-0.148,-0.290,0.361
4.406,-0.131,-0.146,-0.448,0.364
4.410,-0.133,-0.145,-0.331,0.263
4.414,-0.134,-0.144,-0.253,0.242
4.418,-0.135,-0.143,-0.251,0.321
4.422,-0.136,-0.142,-0.231,0.360
4.426,-0.137,-0.140,-0.311,0.282
4.431,-0.139,-0.139,-0.312,0.262
4.435,-0.140,-0.138,-0.213,0.241
4.439,-0.140,-0.137,-0.176,0.122
4.443,-0.141,-0.137,-0.174,0.201
4.447,-0.142,-0.136,-7.489E-2,0.238
4.451,-0.142,-0.135,-0.136,0.121
4.456,-0.143,-0.135,-0.136,0.121
4.460,-0.143,-0.134,-3.710E-2,0.139
4.464,-0.143,-0.133,-5.686E-2,0.139
4.468,-0.144,-0.133,-5.755E-2,9.982E-2
4.472,-0.144,-0.133,5.858E-2,-4.055E-2
4.476,-0.143,-0.133,0.235,-0.123
4.481,-0.142,-0.134,9.809E-2,-4.124E-2
4.485,-0.142,-0.134,-1.941E-2,2.010E-2
4.489,-0.142,-0.133,5.893E-2,-2.079E-2
4.493,-0.142,-0.134,7.765E-2,-8.041E-2
4.497,-0.141,-0.134,0.137,-0.101
4.501,-0.141,-0.135,9.775E-2,-6.099E-2
4.506,-0.141,-0.135,7.799E-2,-6.065E-2
4.510,-0.140,-0.135,0.155,-0.181
4.514,-0.139,-0.136,0.168,-0.299
4.518,-0.139,-0.137,0.155,-0.200
4.522,-0.138,-0.138,0.215,-0.142
4.526,-0.137,-0.138,0.154,-0.260
4.531,-0.137,-0.140,0.154,-0.220
4.535,-0.136,-0.140,0.234,-0.162
4.539,-0.135,-0.141,0.291,-0.302
4.543,-0.133,-0.143,0.252,-0.261
4.547,-0.133,-0.143,0.292,-0.282
4.551,-0.131,-0.145,0.330,-0.342
4.555,-0.130,-0.146,0.311,-0.282
4.560,-0.128,-0.147,0.389,-0.343
4.564,-0.127,-0.149,0.330,-0.342
4.568,-0.126,-0.150,0.350,-0.342
4.572,-0.124,-0.152,0.408,-0.422
4.576,-0.122,-0.154,0.388,-0.402
4.580,-0.121,-0.155,0.526,-0.424
4.585,-0.118,-0.157,0.526,-0.464
4.589,-0.116,-0.159,0.467,-0.423
4.593,-0.114,-0.161,0.546,-0.425
4.597,-0.112,-0.163,0.546,-0.444
4.601,-0.110,-0.164,0.526,-0.444
4.605,-0.107,-0.166,0.565,-0.484
4.610,-0.105,-0.169,0.546,-0.444
4.614,-0.103,-0.170,0.665,-0.407
4.618,-9.926E-2,-0.172,0.744,-0.408
4.622,-9.649E-2,-0.174,0.724,-0.428
4.626,-9.323E-2,-0.175,0.742,-0.527
4.630,-9.031E-2,-0.178,0.782,-0.508
4.635,-8.671E-2,-0.180,0.724,-0.428
4.639,-8.428E-2,-0.182,0.743,-0.468
4.643,-8.052E-2,-0.184,0.861,-0.470
4.647,-7.710E-2,-0.185,0.744,-0.428
4.651,-7.433E-2,-0.187,0.765,-0.310
4.655,-7.072E-2,-0.188,0.884,-0.332
4.659,-6.697E-2,-0.190,0.940,-0.471
4.664,-6.288E-2,-0.192,0.941,-0.431
4.668,-5.912E-2,-0.194,0.922,-0.392
4.672,-5.520E-2,-0.195,0.982,-0.333
4.676,-5.094E-2,-0.196,0.905,-0.233
4.680,-4.766E-2,-0.197,0.905,-0.253
4.684,-4.340E-2,-0.198,1.022,-0.314
4.689,-3.914E-2,-0.200,1.003,-0.255
4.693,-3.504E-2,-0.201,1.084,-0.177
4.697,-3.011E-2,-0.201,1.026,-9.696E-2
4.701,-2.649E-2,-0.201,1.045,-0.117
4.705,-2.140E-2,-0.202,1.143,-0.178
4.709,-1.696E-2,-0.203,1.066,-7.789E-2
4.714,-1.251E-2,-0.203,1.047,-1.828E-2
4.718,-8.234E-3,-0.203,1.046,-7.755E-2
4.722,-3.797E-3,-0.204,1.045,-0.117
4.726,4.776E-4,-0.204,1.106,-3.907E-2
4.730,5.420E-3,-0.204,1.148,7.878E-2
4.734,1.004E-2,-0.203,1.031,0.180
4.739,1.401E-2,-0.202,1.029,8.085E-2
4.743,1.862E-2,-0.203,0.989,4.203E-2
4.747,2.225E-2,-0.202,1.049,8.051E-2
4.751,2.736E-2,-0.202,1.129,0.138
4.755,3.166E-2,-0.201,1.071,0.218
4.759,3.628E-2,-0.200,1.032,0.239
4.763,4.026E-2,-0.199,0.993,0.259
4.768,4.455E-2,-0.198,0.993,0.259
4.772,4.853E-2,-0.197,1.033,0.298
4.776,5.316E-2,-0.195,0.934,0.320
4.780,5.632E-2,-0.194,0.894,0.261
4.784,6.061E-2,-0.193,1.052,0.239
4.788,6.508E-2,-0.192,0.975,0.378
4.793,6.874E-2,-0.190,0.818,0.460
4.797,7.190E-2,-0.188,0.758,0.402
4.801,7.505E-2,-0.187,0.935,0.379
4.805,7.969E-2,-0.185,0.995,0.398
4.809,8.334E-2,-0.183,0.817,0.401
4.813,8.650E-2,-0.182,0.699,0.423
4.818,8.917E-2,-0.180,0.699,0.423
4.822,9.233E-2,-0.178,0.896,0.399
4.826,9.664E-2,-0.177,0.759,0.441
4.830,9.865E-2,-0.175,0.642,0.522
4.834,0.102,-0.172,0.761,0.560
4.838,0.105,-0.170,0.641,0.503
4.843,0.107,-0.168,0.561,0.425
4.847,0.110,-0.166,0.601,0.464
4.851,0.112,-0.164,0.601,0.464
4.855,0.115,-0.162,0.522,0.465
4.859,0.117,-0.160,0.524,0.603
4.863,0.119,-0.157,0.523,0.505
4.867,0.121,-0.156,0.518,0.248
4.872,0.123,-0.155,0.441,0.328
4.876,0.125,-0.153,0.423,0.447
4.880,0.127,-0.152,0.502,0.466
4.884,0.129,-0.150,0.421,0.348
4.888,0.130,-0.149,0.361,0.290
4.892,0.132,-0.147,0.324,0.429
4.897,0.133,-0.145,0.381,0.329
4.901,0.135,-0.144,0.341,0.290
4.905,0.136,-0.143,0.263,0.351
4.909,0.137,-0.141,0.280,0.212
4.913,0.138,-0.141,0.261,0.252
4.917,0.139,-0.139,0.264,0.430
4.922,0.140,-0.137,0.183,0.273
4.926,0.141,-0.137,0.162,0.195
4.930,0.142,-0.136,0.181,0.194
4.934,0.142,-0.135,0.161,0.155
4.938,0.143,-0.134,0.222,0.273
4.942,0.144,-0.133,0.240,0.154
4.947,0.145,-0.133,5.927E-2,-1.035E-3
4.951,0.145,-0.133,8.110E-2,0.117
4.955,0.146,-0.132,0.160,0.136
4.959,0.146,-0.132,5.962E-2,1.872E-2
4.963,0.146,-0.132,1.699E-2,3.233E-2
4.967,0.146,-0.132,,
4.971,,,,
4.976,0.147,-0.132,,
